"Cl","RA_ICRS","e_RA_ICRS","DE_ICRS","e_DE_ICRS","plx","e_plx","pmRA","e_pmRA","pmDE","e_pmDE","r50","N85","dmode","Rgc","logAge","e_logAge","Dist","e_Dist","Avmag","e_Avmag"
"Basel 10        ",34.862,0.053,58.301,0.022,0.473,0.044,-0.423,0.092,-0.796,0.138,0.057,127,2.103,9.883,"nan","nan","nan","nan","nan","nan"
"Berkeley 104    ",0.869,0.048,63.595,0.01,0.226,0.025,-2.404,0.054,0.073,0.028,0.063,66,4.452,11.089,"nan","nan","nan","nan","nan","nan"
"Berkeley 11     ",65.127,0.048,44.921,0.015,0.369,0.023,1.069,0.048,-1.866,0.041,0.057,100,2.761,10.892,"nan","nan","nan","nan","nan","nan"
"Berkeley 12     ",71.107,0.084,42.689,0.035,0.183,0.044,0.85,0.061,-1.763,0.046,0.075,178,5.387,13.517,"nan","nan","nan","nan","nan","nan"
"Berkeley 14     ",74.935,0.023,43.482,0.02,0.203,0.071,1.474,0.099,0.452,0.085,0.049,220,5.192,13.348,"nan","nan","nan","nan","nan","nan"
"Berkeley 17     ",80.137,0.045,30.574,0.033,0.306,0.063,2.621,0.156,-0.332,0.099,0.074,263,3.279,11.566,"nan","nan","nan","nan","nan","nan"
"Berkeley 18     ",80.525,0.071,45.439,0.052,0.166,0.079,0.824,0.085,-0.045,0.047,0.122,416,5.831,13.967,"nan","nan","nan","nan","nan","nan"
"Berkeley 19     ",81.006,0.008,29.577,0.016,0.158,0.106,0.729,0.139,-0.302,0.169,0.06,133,6.539,14.822,"nan","nan","nan","nan","nan","nan"
"Berkeley 20     ",83.155,0.006,0.189,0.002,0.045,0.133,0.82,0.073,-0.259,0.069,0.05,49,14.228,21.46,"nan","nan","nan","nan","nan","nan"
"Berkeley 21     ",87.94,0.041,21.809,0.017,0.152,0.125,0.468,0.208,-0.951,0.211,0.089,251,6.653,14.922,"nan","nan","nan","nan","nan","nan"
"Berkeley 22     ",89.623,0.01,7.764,0.004,0.1,0.078,0.616,0.041,-0.456,0.109,0.039,46,9.69,17.631,"nan","nan","nan","nan","nan","nan"
"Berkeley 23     ",98.318,0.004,20.535,0.013,0.157,0.063,-0.055,0.088,-1.313,0.065,0.043,104,6.505,14.686,"nan","nan","nan","nan","nan","nan"
"Berkeley 28     ",103.029,0.009,2.914,0.014,0.252,0.064,-1.02,0.078,0.197,0.058,0.039,79,4.103,12.017,"nan","nan","nan","nan","nan","nan"
"Berkeley 29     ",103.268,0.009,16.932,0.008,0.042,0.064,0.118,0.144,-0.985,0.163,0.036,41,14.652,22.546,"nan","nan","nan","nan","nan","nan"
"Berkeley 30     ",104.444,0.021,3.228,0.021,0.183,0.04,-0.248,0.05,-0.323,0.052,0.057,118,5.574,13.389,"nan","nan","nan","nan","nan","nan"
"Berkeley 31     ",104.406,0.009,8.279,0.01,0.172,0.069,0.055,0.176,-0.884,0.12,0.07,264,6.293,14.194,"nan","nan","nan","nan","nan","nan"
"Berkeley 32     ",104.53,0.026,6.433,0.027,0.308,0.058,-0.345,0.11,-1.616,0.106,0.063,445,3.236,11.251,"nan","nan","nan","nan","nan","nan"
"Berkeley 33     ",104.459,0.017,-13.226,0.025,0.165,0.048,-0.731,0.05,1.577,0.054,0.047,198,5.814,13.038,"nan","nan","nan","nan","nan","nan"
"Berkeley 39     ",116.706,0.03,-4.669,0.03,0.225,0.069,-1.739,0.133,-1.646,0.081,0.056,542,4.674,12.058,"nan","nan","nan","nan","nan","nan"
"Berkeley 58     ",0.096,0.07,60.938,0.041,0.309,0.051,-3.491,0.085,-1.76,0.086,32.792,352,3.237,11.126,"nan","nan","nan","nan","nan","nan"
"Berkeley 60     ",4.437,0.048,60.935,0.02,0.268,0.029,-0.672,0.061,-0.714,0.053,0.037,117,3.7,10.592,"nan","nan","nan","nan","nan","nan"
"Berkeley 62     ",15.314,0.168,63.93,0.054,0.389,0.027,-2.174,0.062,-0.323,0.071,0.108,235,2.584,9.978,"nan","nan","nan","nan","nan","nan"
"Berkeley 64     ",35.429,0.055,65.884,0.014,0.188,0.061,-0.519,0.039,1.01,0.044,0.044,72,5.257,12.43,"nan","nan","nan","nan","nan","nan"
"Berkeley 65     ",39.769,0.044,60.403,0.009,0.476,0.034,-0.692,0.021,-0.368,0.062,0.049,80,2.111,9.924,"nan","nan","nan","nan","nan","nan"
"Berkeley 66     ",46.017,0.034,58.729,0.027,0.19,0.043,-0.306,0.179,0.034,0.136,0.102,140,5.738,13.197,"nan","nan","nan","nan","nan","nan"
"Berkeley 69     ",81.096,0.012,32.613,0.017,0.284,0.028,0.822,0.063,-1.933,0.034,0.08,167,3.475,11.762,"nan","nan","nan","nan","nan","nan"
"Berkeley 7      ",28.544,0.045,62.369,0.033,0.358,0.045,-0.981,0.072,-0.162,0.087,0.079,177,2.745,10.286,"nan","nan","nan","nan","nan","nan"
"Berkeley 70     ",81.459,0.036,41.963,0.027,0.183,0.026,0.92,0.06,-1.917,0.036,0.059,180,5.857,14.054,"nan","nan","nan","nan","nan","nan"
"Berkeley 79     ",281.241,0.055,-1.147,0.049,0.427,0.021,-0.125,0.07,-1.542,0.097,0.073,201,2.318,6.43,"nan","nan","nan","nan","nan","nan"
"Berkeley 81     ",285.42,0.013,-0.454,0.024,0.275,0.038,-1.213,0.094,-1.864,0.08,0.051,196,3.676,5.627,"nan","nan","nan","nan","nan","nan"
"Berkeley 82     ",287.834,0.06,13.111,0.037,0.743,0.051,0.013,0.116,-3.168,0.119,0.077,121,1.351,7.442,"nan","nan","nan","nan","nan","nan"
"Berkeley 86     ",305.062,0.043,38.689,0.064,0.586,0.034,-3.456,0.055,-5.454,0.141,0.096,130,1.702,8.078,"nan","nan","nan","nan","nan","nan"
"Berkeley 87     ",305.4,0.059,37.406,0.064,0.598,0.032,-3.654,0.066,-6.268,0.069,0.087,148,1.669,8.053,"nan","nan","nan","nan","nan","nan"
"Berkeley 96     ",337.475,0.019,55.409,0.012,0.265,0.014,-3.562,0.028,-3.01,0.046,0.03,64,3.689,9.849,"nan","nan","nan","nan","nan","nan"
"Berkeley 99     ",350.274,0.053,71.784,0.019,0.166,0.063,-3.158,0.086,-0.376,0.089,0.041,117,6.041,12.138,"nan","nan","nan","nan","nan","nan"
"Biurakan 2      ",302.301,0.112,35.475,0.064,0.573,0.023,-3.187,0.056,-6.83,0.083,0.134,94,1.758,7.958,"nan","nan","nan","nan","nan","nan"
"Blanco 1        ",1.003,0.472,-29.939,0.44,4.231,0.123,18.737,0.347,2.602,0.317,54.096,419,0.235,8.41,"nan","nan","nan","nan","nan","nan"
"Bochum 1        ",96.331,0.079,19.895,0.05,0.234,0.025,-0.18,0.048,-0.43,0.056,0.138,129,4.587,12.809,"nan","nan","nan","nan","nan","nan"
"Bochum 10       ",160.537,0.2,-59.132,0.104,0.416,0.025,-7.455,0.098,2.925,0.073,0.176,254,2.399,7.937,"nan","nan","nan","nan","nan","nan"
"Bochum 14       ",270.517,0.075,-23.698,0.035,0.311,0.079,0.251,0.069,-1.063,0.062,0.134,368,3.084,5.247,"nan","nan","nan","nan","nan","nan"
"Bochum 2        ",102.21,0.055,0.378,0.035,0.161,0.083,-0.316,0.266,0.228,0.315,0.104,225,6.193,13.933,"nan","nan","nan","nan","nan","nan"
"Bochum 6        ",113.002,0.039,-19.416,0.027,0.267,0.06,-2.257,0.082,2.284,0.093,0.073,82,3.86,10.99,"nan","nan","nan","nan","nan","nan"
"Bochum 7        ",131.092,0.066,-45.974,0.121,0.185,0.026,-3.087,0.057,3.647,0.092,0.187,213,5.484,10.325,"nan","nan","nan","nan","nan","nan"
"Collinder 110   ",99.675,0.1,2.081,0.08,0.45,0.06,-1.099,0.098,-2.049,0.123,0.168,1128,2.249,10.314,"nan","nan","nan","nan","nan","nan"
"Collinder 121   ",103.641,0.244,-24.312,0.357,1.135,0.053,-2.786,0.11,3.482,0.142,0.62,365,0.877,8.821,"nan","nan","nan","nan","nan","nan"
"Collinder 132   ",108.79,0.418,-30.672,0.369,1.49,0.105,-4.067,0.32,3.547,0.223,0.633,139,0.709,8.642,"nan","nan","nan","nan","nan","nan"
"Collinder 135   ",109.459,0.277,-37.008,0.323,3.355,0.087,-10.18,0.273,6.279,0.164,0.487,110,0.299,8.41,"nan","nan","nan","nan","nan","nan"
"Collinder 140   ",110.909,0.008,-31.969,0.133,2.603,0.145,-8.14,0.121,4.727,0.157,0.358,104,0.385,8.469,"nan","nan","nan","nan","nan","nan"
"Collinder 185   ",125.831,0.082,-36.349,0.027,0.65,0.043,-5.005,0.048,3.855,0.1,0.095,65,1.525,8.817,"nan","nan","nan","nan","nan","nan"
"Collinder 223   ",157.786,0.105,-60.05,0.055,0.411,0.053,-5.423,0.053,2.859,0.044,0.123,171,2.614,7.973,"nan","nan","nan","nan","nan","nan"
"Collinder 261   ",189.525,0.118,-68.376,0.041,0.346,0.057,-6.344,0.111,-2.714,0.109,0.089,1747,2.885,7.218,"nan","nan","nan","nan","nan","nan"
"Collinder 272   ",202.554,0.093,-61.3,0.066,0.451,0.039,-3.451,0.06,-1.821,0.1,0.113,534,2.207,7.172,"nan","nan","nan","nan","nan","nan"
"Collinder 394   ",283.109,0.161,-20.243,0.148,1.405,0.058,-1.496,0.144,-5.861,0.137,0.255,303,0.707,7.628,"nan","nan","nan","nan","nan","nan"
"Collinder 463   ",27.119,0.677,71.711,0.177,1.171,0.037,-1.718,0.091,-0.288,0.099,0.342,371,0.855,8.837,"nan","nan","nan","nan","nan","nan"
"Collinder 69    ",83.809,0.178,9.837,0.164,2.487,0.112,1.053,0.38,-2.077,0.23,0.411,317,0.402,8.681,"nan","nan","nan","nan","nan","nan"
"Collinder 74    ",87.166,0.066,7.374,0.029,0.395,0.037,0.997,0.066,-1.553,0.054,0.084,130,2.492,10.649,"nan","nan","nan","nan","nan","nan"
"Collinder 96    ",97.617,0.05,2.842,0.082,0.124,0.069,0.13,0.179,0.383,0.28,0.111,99,8.257,16.053,"nan","nan","nan","nan","nan","nan"
"Czernik 13      ",41.11,0.05,62.333,0.028,0.314,0.036,0.583,0.049,-0.224,0.075,0.051,147,3.138,10.767,"nan","nan","nan","nan","nan","nan"
"Czernik 8       ",38.241,0.03,58.765,0.028,0.372,0.031,0.505,0.044,-0.735,0.01,0.032,66,2.689,10.397,"nan","nan","nan","nan","nan","nan"
"Dolidze 25      ",101.269,0.074,0.266,0.05,0.209,0.025,-0.267,0.049,0.231,0.081,0.114,200,4.925,12.747,"nan","nan","nan","nan","nan","nan"
"Feinstein 1     ",166.307,0.09,-59.733,0.067,0.392,0.014,-6.693,0.037,1.696,0.034,0.153,168,2.568,7.806,"nan","nan","nan","nan","nan","nan"
"Haffner 16      ",117.585,0.014,-25.456,0.014,0.312,0.035,-2.799,0.088,3.008,0.057,0.03,114,3.141,10.156,"nan","nan","nan","nan","nan","nan"
"Haffner 17      ",117.894,0.03,-31.814,0.021,0.278,0.058,-1.19,0.07,1.848,0.088,0.056,250,3.586,10.212,"nan","nan","nan","nan","nan","nan"
"Haffner 18      ",118.183,0.017,-26.377,0.068,0.192,0.051,-2.552,0.118,2.586,0.114,0.082,335,5.078,11.521,"nan","nan","nan","nan","nan","nan"
"Haffner 19      ",118.192,0.011,-26.277,0.008,0.19,0.055,-2.539,0.118,2.49,0.078,0.024,214,5.315,11.709,"nan","nan","nan","nan","nan","nan"
"Haffner 21      ",120.286,0.019,-27.209,0.019,0.327,0.025,-1.434,0.047,1.564,0.032,0.038,83,3.079,10.003,"nan","nan","nan","nan","nan","nan"
"Haffner 6       ",109.997,0.02,-13.152,0.029,0.223,0.037,-1.223,0.059,1.949,0.054,0.06,258,4.435,11.745,"nan","nan","nan","nan","nan","nan"
"Haffner 8       ",110.768,0.023,-12.309,0.034,0.352,0.024,-1.608,0.043,0.425,0.056,0.057,151,2.842,10.432,"nan","nan","nan","nan","nan","nan"
"Harvard 20      ",298.311,0.021,18.343,0.079,0.494,0.043,-1.707,0.057,-4.461,0.065,0.093,77,2.042,7.369,"nan","nan","nan","nan","nan","nan"
"Harvard 5       ",186.805,0.042,-60.776,0.021,0.798,0.033,-7.031,0.137,-0.287,0.063,0.042,51,1.245,7.754,"nan","nan","nan","nan","nan","nan"
"Harvard 8       ",199.548,0.031,-67.079,0.021,0.38,0.043,-5.463,0.076,-0.401,0.039,0.03,102,2.616,7.109,"nan","nan","nan","nan","nan","nan"
"Hogg 10         ",167.657,0.054,-60.338,0.055,0.411,0.044,-6.198,0.089,1.881,0.088,0.079,670,2.441,7.777,"nan","nan","nan","nan","nan","nan"
"Hogg 15         ",190.89,0.047,-63.1,0.011,0.289,0.014,-6.031,0.037,-0.471,0.031,0.037,101,3.38,7.11,"nan","nan","nan","nan","nan","nan"
"Hogg 16         ",202.485,0.097,-61.284,0.048,0.454,0.034,-3.455,0.072,-1.809,0.069,0.102,355,2.219,7.168,"nan","nan","nan","nan","nan","nan"
"Hogg 17         ",218.451,0.104,-61.36,0.03,0.438,0.023,-5.21,0.026,-2.439,0.048,0.072,76,2.311,6.867,"nan","nan","nan","nan","nan","nan"
"Hogg 18         ",222.705,0.087,-52.27,0.01,0.597,0.02,-1.826,0.003,-2.274,0.074,0.093,31,1.61,7.132,"nan","nan","nan","nan","nan","nan"
"Hogg 22         ",251.662,0.013,-47.073,0.036,0.357,0.038,-0.734,0.064,-1.953,0.096,0.069,85,2.8,5.786,"nan","nan","nan","nan","nan","nan"
"IC 1311         ",302.697,0.022,41.18,0.018,0.134,0.036,-3.356,0.044,-5.056,0.049,0.037,402,7.54,9.941,"nan","nan","nan","nan","nan","nan"
"IC 1369         ",318.029,0.034,47.769,0.019,0.288,0.038,-4.641,0.061,-5.6,0.051,0.049,218,3.479,8.977,"nan","nan","nan","nan","nan","nan"
"IC 166          ",28.095,0.048,61.86,0.025,0.203,0.056,-1.445,0.077,1.145,0.085,0.055,758,5.214,12.319,"nan","nan","nan","nan","nan","nan"
"IC 1805         ",38.211,0.306,61.494,0.133,0.48,0.029,-0.751,0.137,-0.446,0.185,0.227,521,2.085,9.878,"nan","nan","nan","nan","nan","nan"
"IC 1848         ",42.839,0.126,60.426,0.103,0.464,0.032,-0.327,0.175,-0.32,0.106,0.178,484,2.138,9.975,"nan","nan","nan","nan","nan","nan"
"IC 2157         ",91.195,0.048,24.077,0.052,0.487,0.075,0.953,0.087,-2.981,0.076,0.057,89,2.081,10.37,"nan","nan","nan","nan","nan","nan"
"IC 2391         ",130.202,0.516,-52.97,0.296,6.616,0.151,-24.702,0.471,23.382,0.431,0.535,186,0.151,8.3,"nan","nan","nan","nan","nan","nan"
"IC 2395         ",130.586,0.12,-48.137,0.075,1.409,0.07,-4.393,0.166,3.193,0.184,0.134,231,0.71,8.372,"nan","nan","nan","nan","nan","nan"
"IC 2488         ",141.869,0.135,-56.996,0.071,0.754,0.037,-7.768,0.098,5.701,0.123,0.153,378,1.33,8.225,"nan","nan","nan","nan","nan","nan"
"IC 2581         ",156.868,0.082,-57.627,0.05,0.382,0.028,-7.278,0.043,3.595,0.053,0.107,306,2.626,8.05,"nan","nan","nan","nan","nan","nan"
"IC 2602         ",160.472,0.6,-64.468,0.813,6.604,0.164,-17.597,0.475,10.774,0.447,1.071,324,0.151,8.251,"nan","nan","nan","nan","nan","nan"
"IC 2714         ",169.374,0.17,-62.731,0.056,0.747,0.038,-7.599,0.114,2.628,0.12,0.123,795,1.342,7.887,"nan","nan","nan","nan","nan","nan"
"IC 2944         ",174.837,0.472,-63.246,0.202,0.494,0.014,-5.937,0.142,0.79,0.123,0.519,459,2.033,7.669,"nan","nan","nan","nan","nan","nan"
"IC 348          ",56.124,0.049,32.159,0.065,3.113,0.154,4.472,0.422,-6.437,0.372,0.123,195,0.32,8.588,"nan","nan","nan","nan","nan","nan"
"IC 361          ",64.739,0.059,58.252,0.031,0.254,0.056,1.712,0.09,-1.136,0.082,0.065,578,4.019,11.868,"nan","nan","nan","nan","nan","nan"
"IC 4651         ",261.194,0.122,-49.924,0.059,1.087,0.053,-2.419,0.125,-5.029,0.132,0.157,575,0.921,7.449,"nan","nan","nan","nan","nan","nan"
"IC 4665         ",266.543,0.274,5.658,0.266,2.909,0.116,-0.942,0.143,-8.494,0.248,0.446,161,0.344,8.018,"nan","nan","nan","nan","nan","nan"
"IC 4725         ",277.962,0.165,-19.101,0.124,1.541,0.077,-1.663,0.184,-6.102,0.183,0.247,587,0.649,7.673,"nan","nan","nan","nan","nan","nan"
"IC 4756         ",279.646,0.166,5.427,0.26,2.126,0.049,1.257,0.184,-4.901,0.202,0.445,374,0.47,7.927,"nan","nan","nan","nan","nan","nan"
"IC 4996         ",304.145,0.128,37.644,0.032,0.521,0.028,-2.674,0.071,-5.309,0.079,0.181,427,1.916,8.033,"nan","nan","nan","nan","nan","nan"
"IC 5146         ",328.375,0.027,47.246,0.032,1.308,0.087,-2.845,0.218,-2.504,0.277,0.067,104,0.767,8.393,"nan","nan","nan","nan","nan","nan"
"King 10         ",343.75,0.024,59.166,0.023,0.301,0.025,-2.737,0.064,-2.078,0.047,0.054,230,3.33,9.875,"nan","nan","nan","nan","nan","nan"
"King 11         ",356.897,0.03,68.636,0.026,0.285,0.049,-3.364,0.074,-0.661,0.055,0.072,298,3.482,10.346,"nan","nan","nan","nan","nan","nan"
"King 12         ",358.257,0.105,61.956,0.048,0.326,0.045,-3.396,0.074,-1.403,0.047,0.056,134,3.089,10.05,"nan","nan","nan","nan","nan","nan"
"King 14         ",7.973,0.082,63.157,0.031,0.436,0.044,-3.264,0.078,-1.025,0.054,0.066,194,2.284,9.669,"nan","nan","nan","nan","nan","nan"
"King 15         ",8.278,0.098,61.841,0.024,0.336,0.018,-2.295,0.048,-0.834,0.047,0.056,74,2.965,10.142,"nan","nan","nan","nan","nan","nan"
"King 19         ",347.055,0.068,60.524,0.033,0.377,0.041,-4.822,0.089,-2.642,0.071,0.07,181,2.674,9.573,"nan","nan","nan","nan","nan","nan"
"King 2          ",12.736,0.03,58.194,0.007,0.156,0.045,-1.381,0.062,-0.816,0.098,0.041,121,6.35,12.884,"nan","nan","nan","nan","nan","nan"
"King 4          ",39.028,0.073,59.024,0.023,0.416,0.027,-0.554,0.046,-0.114,0.063,0.058,102,2.404,10.169,"nan","nan","nan","nan","nan","nan"
"King 5          ",48.678,0.042,52.695,0.034,0.393,0.038,-0.277,0.071,-1.175,0.071,0.077,296,2.506,10.421,"nan","nan","nan","nan","nan","nan"
"King 6          ",51.973,0.126,56.438,0.081,1.378,0.078,3.86,0.223,-1.823,0.226,0.129,242,0.726,8.893,"nan","nan","nan","nan","nan","nan"
"King 7          ",59.783,0.039,51.789,0.031,0.319,0.035,1.156,0.076,-1.193,0.072,0.075,382,3.141,11.127,"nan","nan","nan","nan","nan","nan"
"King 8          ",87.325,0.0,33.633,0.004,0.143,0.104,0.48,0.001,-1.747,0.005,0.035,127,6.799,15.08,"nan","nan","nan","nan","nan","nan"
"Lynga 1         ",210.006,0.266,-62.149,0.081,0.452,0.031,-5.235,0.319,-2.258,0.056,0.145,223,2.268,7.029,"nan","nan","nan","nan","nan","nan"
"Lynga 2         ",216.098,0.229,-61.325,0.065,1.061,0.035,-6.7,0.119,-4.688,0.103,0.143,134,0.94,7.679,"nan","nan","nan","nan","nan","nan"
"Lynga 6         ",241.198,0.079,-51.96,0.029,0.4,0.037,-1.867,0.087,-2.732,0.059,0.078,218,2.515,6.24,"nan","nan","nan","nan","nan","nan"
"Markarian 18,Collinder 205    ",135.128,0.006,-48.983,0.015,0.53,0.04,-4.814,0.198,3.935,0.143,0.02,61,1.895,8.539,"nan","nan","nan","nan","nan","nan"
"Markarian 50    ",348.806,0.033,60.439,0.004,0.346,0.082,-3.438,0.044,-2.562,0.078,0.031,51,2.863,9.715,"nan","nan","nan","nan","nan","nan"
"Melotte 101     ",160.546,0.127,-65.107,0.056,0.47,0.038,-6.318,0.079,3.477,0.08,0.103,579,2.131,7.838,"nan","nan","nan","nan","nan","nan"
"Melotte 105     ",169.92,0.054,-63.487,0.024,0.436,0.037,-6.764,0.075,2.144,0.078,0.053,613,2.275,7.705,"nan","nan","nan","nan","nan","nan"
"Melotte 111     ",186.175,1.672,25.766,1.027,11.616,0.216,-12.036,0.47,-8.916,0.64,2.659,113,0.086,8.306,"nan","nan","nan","nan","nan","nan"
"Melotte 20      ",51.594,1.103,48.981,0.698,5.736,0.119,22.921,0.47,-25.451,0.603,1.557,601,0.175,8.447,"nan","nan","nan","nan","nan","nan"
"Melotte 22      ",56.557,0.705,24.086,0.598,7.368,0.148,20.03,0.865,-45.452,0.698,1.383,1111,0.136,8.421,"nan","nan","nan","nan","nan","nan"
"Melotte 25      ",66.707,1.257,15.852,1.07,21.33,0.432,106.97,5.317,-25.36,0.004,2.164,133,0.047,8.343,"nan","nan","nan","nan","nan","nan"
"Melotte 66      ",111.572,0.053,-47.682,0.039,0.211,0.059,-1.486,0.093,2.739,0.098,0.077,774,4.776,10.213,"nan","nan","nan","nan","nan","nan"
"Melotte 71      ",114.386,0.057,-12.064,0.058,0.465,0.064,-2.447,0.105,4.204,0.094,0.107,827,2.141,9.834,"nan","nan","nan","nan","nan","nan"
"NGC 1027        ",40.709,0.177,61.612,0.098,0.919,0.056,-1.748,0.075,2.112,0.091,0.149,295,1.09,9.112,"nan","nan","nan","nan","nan","nan"
"NGC 103         ",6.312,0.056,61.325,0.016,0.325,0.044,-2.827,0.067,-1.001,0.059,0.044,206,3.111,10.209,"nan","nan","nan","nan","nan","nan"
"NGC 1039        ",40.468,0.222,42.718,0.159,1.986,0.074,0.691,0.228,-5.715,0.15,0.328,446,0.502,8.695,"nan","nan","nan","nan","nan","nan"
"NGC 1193        ",46.489,0.017,44.385,0.011,0.171,0.083,-0.161,0.204,-0.328,0.137,0.027,219,5.997,13.595,"nan","nan","nan","nan","nan","nan"
"NGC 1220        ",47.919,0.018,53.347,0.016,0.342,0.035,0.202,0.057,-0.753,0.05,0.026,70,2.911,10.764,"nan","nan","nan","nan","nan","nan"
"NGC 1245        ",48.693,0.073,47.236,0.055,0.314,0.04,0.499,0.078,-1.582,0.071,0.112,798,3.205,11.084,"nan","nan","nan","nan","nan","nan"
"NGC 129         ",7.604,0.118,60.208,0.059,0.538,0.043,-2.595,0.083,-1.105,0.097,0.099,360,1.843,9.365,"nan","nan","nan","nan","nan","nan"
"NGC 133         ",7.828,0.032,63.372,0.04,0.28,0.037,-2.55,0.092,-0.434,0.039,0.064,155,3.574,10.58,"nan","nan","nan","nan","nan","nan"
"NGC 1342        ",52.953,0.14,37.358,0.119,1.54,0.062,0.556,0.187,-1.605,0.125,0.188,264,0.65,8.873,"nan","nan","nan","nan","nan","nan"
"NGC 1348        ",53.543,0.051,51.399,0.015,0.443,0.03,1.276,0.102,-0.73,0.059,0.052,64,2.24,10.247,"nan","nan","nan","nan","nan","nan"
"NGC 136         ",7.891,0.005,61.505,0.006,0.2,0.01,-1.633,0.022,-0.529,0.002,0.027,49,5.035,11.693,"nan","nan","nan","nan","nan","nan"
"NGC 1444        ",57.352,0.115,52.659,0.041,0.875,0.031,-0.77,0.225,-1.852,0.072,0.085,53,1.128,9.276,"nan","nan","nan","nan","nan","nan"
"NGC 146         ",8.207,0.096,63.318,0.041,0.352,0.012,-2.825,0.064,-0.434,0.051,0.127,240,2.884,10.087,"nan","nan","nan","nan","nan","nan"
"NGC 1496        ",61.124,0.037,52.668,0.017,0.641,0.033,1.524,0.091,-0.744,0.048,0.041,72,1.554,9.675,"nan","nan","nan","nan","nan","nan"
"NGC 1502        ",61.953,0.096,62.34,0.056,0.954,0.064,-0.592,0.15,-0.859,0.142,0.097,198,1.052,9.16,"nan","nan","nan","nan","nan","nan"
"NGC 1513        ",62.465,0.106,49.503,0.051,0.686,0.047,1.3,0.142,-3.67,0.106,0.089,322,1.462,9.621,"nan","nan","nan","nan","nan","nan"
"NGC 1528        ",63.867,0.229,51.211,0.079,0.984,0.048,2.18,0.12,-2.218,0.085,0.214,343,1.014,9.207,"nan","nan","nan","nan","nan","nan"
"NGC 1545        ",65.281,0.088,50.253,0.088,1.385,0.062,-1.945,0.211,-0.108,0.101,0.131,72,0.722,8.951,"nan","nan","nan","nan","nan","nan"
"NGC 1647        ",71.491,0.247,19.094,0.165,1.713,0.081,-1.047,0.236,-1.496,0.17,0.363,519,0.582,8.857,"nan","nan","nan","nan","nan","nan"
"NGC 1662        ",72.153,0.296,10.879,0.193,2.44,0.103,-1.154,0.188,-1.967,0.088,0.337,142,0.412,8.681,"nan","nan","nan","nan","nan","nan"
"NGC 1664        ",72.755,0.086,43.676,0.068,0.76,0.067,1.695,0.128,-5.715,0.081,0.142,395,1.314,9.556,"nan","nan","nan","nan","nan","nan"
"NGC 1778        ",77.033,0.065,37.022,0.036,0.612,0.07,0.533,0.099,-3.157,0.098,0.112,187,1.632,9.905,"nan","nan","nan","nan","nan","nan"
"NGC 1798        ",77.915,0.033,47.692,0.012,0.21,0.042,0.906,0.079,-0.295,0.066,0.05,269,4.947,13.053,"nan","nan","nan","nan","nan","nan"
"NGC 1817        ",78.136,0.099,16.686,0.088,0.582,0.04,0.482,0.102,-0.883,0.07,0.189,535,1.7,9.949,"nan","nan","nan","nan","nan","nan"
"NGC 188         ",11.786,0.62,85.244,0.071,0.537,0.039,-2.308,0.116,-0.952,0.106,0.126,900,1.87,9.349,"nan","nan","nan","nan","nan","nan"
"NGC 1893        ",80.724,0.035,33.447,0.037,0.283,0.038,-0.205,0.088,-1.396,0.091,0.082,198,3.472,11.756,"nan","nan","nan","nan","nan","nan"
"NGC 1901        ",79.293,0.112,-68.382,0.123,2.392,0.068,1.697,0.237,12.651,0.422,0.249,46,0.418,8.254,"nan","nan","nan","nan","nan","nan"
"NGC 1907        ",82.032,0.053,35.323,0.054,0.64,0.049,-0.044,0.107,-3.418,0.094,0.086,393,1.555,9.844,"nan","nan","nan","nan","nan","nan"
"NGC 1912        ",82.17,0.129,35.819,0.092,0.9,0.068,1.602,0.138,-4.416,0.106,0.218,844,1.106,9.397,"nan","nan","nan","nan","nan","nan"
"NGC 1931        ",82.804,0.047,34.238,0.023,0.455,0.009,0.302,0.322,-1.935,0.14,0.104,73,2.263,10.552,"nan","nan","nan","nan","nan","nan"
"NGC 1960        ",84.089,0.061,34.137,0.052,0.868,0.094,-0.162,0.114,-3.372,0.08,0.092,326,1.151,9.446,"nan","nan","nan","nan","nan","nan"
"Trapezium       ",83.829,0.04,-5.417,0.075,2.57,0.116,1.276,0.429,0.176,0.658,0.388,1424,0.388,8.622,"nan","nan","nan","nan","nan","nan"
"NGC 2099        ",88.072,0.088,32.546,0.078,0.698,0.072,1.925,0.152,-5.635,0.134,0.163,1780,1.433,9.729,"nan","nan","nan","nan","nan","nan"
"NGC 2112        ",88.446,0.103,0.398,0.109,0.91,0.055,-2.695,0.11,4.26,0.122,0.206,726,1.103,9.281,"nan","nan","nan","nan","nan","nan"
"NGC 2126        ",90.655,0.079,49.879,0.054,0.78,0.042,0.863,0.152,-2.603,0.114,0.115,150,1.282,9.501,"nan","nan","nan","nan","nan","nan"
"NGC 2129        ",90.282,0.029,23.322,0.025,0.521,0.026,0.265,0.076,-2.2,0.064,0.055,76,1.908,10.198,"nan","nan","nan","nan","nan","nan"
"NGC 2141        ",90.74,0.032,10.457,0.041,0.215,0.085,-0.049,0.116,-0.764,0.102,0.076,934,4.568,12.7,"nan","nan","nan","nan","nan","nan"
"NGC 2158        ",91.862,0.028,24.099,0.021,0.205,0.076,-0.2,0.104,-2.004,0.105,0.061,1649,5.073,13.349,"nan","nan","nan","nan","nan","nan"
"NGC 2168        ",92.267,0.15,24.334,0.177,1.157,0.046,2.293,0.189,-2.913,0.159,0.343,1257,0.857,9.152,"nan","nan","nan","nan","nan","nan"
"NGC 2169        ",92.122,0.029,13.951,0.002,1.048,0.085,-1.076,0.219,-1.661,0.077,0.108,117,0.94,9.207,"nan","nan","nan","nan","nan","nan"
"NGC 2175        ",92.433,0.078,20.562,0.075,0.513,0.119,0.419,0.191,-2.33,0.127,0.163,179,1.999,10.274,"nan","nan","nan","nan","nan","nan"
"NGC 2186        ",93.031,0.025,5.457,0.017,0.437,0.031,0.423,0.076,-1.998,0.031,0.056,119,2.285,10.423,"nan","nan","nan","nan","nan","nan"
"NGC 2192        ",93.816,0.028,39.856,0.02,0.268,0.053,0.219,0.065,-1.978,0.063,0.057,205,3.87,12.084,"nan","nan","nan","nan","nan","nan"
"NGC 2194        ",93.437,0.043,12.808,0.04,0.295,0.048,0.519,0.081,-1.432,0.06,0.081,824,3.426,11.614,"nan","nan","nan","nan","nan","nan"
"NGC 2204        ",93.882,0.057,-18.665,0.047,0.238,0.059,-0.554,0.081,1.974,0.107,0.092,586,4.229,11.503,"nan","nan","nan","nan","nan","nan"
"NGC 2215        ",95.203,0.08,-7.263,0.082,1.053,0.092,0.424,0.195,-3.659,0.073,0.151,134,0.95,9.074,"nan","nan","nan","nan","nan","nan"
"NGC 2232        ",96.88,0.208,-4.755,0.257,3.1,0.04,-4.721,0.239,-1.833,0.165,0.354,145,0.322,8.565,"nan","nan","nan","nan","nan","nan"
"NGC 2236        ",97.409,0.042,6.839,0.031,0.384,0.052,-0.765,0.081,0.041,0.089,0.082,479,2.611,10.732,"nan","nan","nan","nan","nan","nan"
"NGC 2243        ",97.396,0.029,-31.284,0.026,0.241,0.051,-1.287,0.101,5.498,0.116,0.05,594,4.292,10.957,"nan","nan","nan","nan","nan","nan"
"NGC 2244        ",98.029,0.073,4.917,0.054,0.681,0.094,-1.734,0.2,0.221,0.245,0.235,713,1.45,9.62,"nan","nan","nan","nan","nan","nan"
"NGC 225         ",10.929,0.205,61.812,0.04,1.45,0.057,-5.329,0.109,-0.131,0.195,0.121,53,0.689,8.685,"nan","nan","nan","nan","nan","nan"
"NGC 2251        ",98.671,0.045,8.352,0.067,0.697,0.09,0.701,0.1,-3.831,0.077,0.128,128,1.436,9.633,"nan","nan","nan","nan","nan","nan"
"NGC 2259        ",99.638,0.001,10.876,0.032,0.376,0.03,-0.245,0.032,-1.128,0.039,0.054,107,2.684,10.835,"nan","nan","nan","nan","nan","nan"
"NGC 2264        ",100.247,0.06,9.734,0.189,1.383,0.089,-1.818,0.424,-3.701,0.2,0.241,725,0.718,8.965,"nan","nan","nan","nan","nan","nan"
"NGC 2266        ",100.833,0.018,26.976,0.03,0.298,0.062,-0.462,0.099,-1.264,0.091,0.058,316,3.385,11.606,"nan","nan","nan","nan","nan","nan"
"NGC 2269        ",100.816,0.018,4.634,0.026,0.469,0.038,-1.151,0.067,-0.551,0.089,0.068,110,2.16,10.259,"nan","nan","nan","nan","nan","nan"
"NGC 2281        ",102.094,0.178,41.072,0.166,1.925,0.088,-2.952,0.216,-8.323,0.173,0.262,295,0.518,8.794,"nan","nan","nan","nan","nan","nan"
"NGC 2287        ",101.502,0.135,-20.726,0.135,1.399,0.051,-4.353,0.146,-1.391,0.199,0.271,489,0.712,8.758,"nan","nan","nan","nan","nan","nan"
"NGC 2301        ",102.943,0.104,0.461,0.067,1.169,0.072,-1.336,0.15,-2.183,0.135,0.162,488,0.856,9.033,"nan","nan","nan","nan","nan","nan"
"NGC 2302        ",102.963,0.043,-7.085,0.044,0.832,0.059,-1.491,0.107,-0.28,0.122,0.095,103,1.208,9.266,"nan","nan","nan","nan","nan","nan"
"NGC 2304        ",103.816,0.028,17.978,0.016,0.264,0.025,-0.036,0.025,-1.501,0.02,0.045,107,3.929,12.061,"nan","nan","nan","nan","nan","nan"
"NGC 2311        ",104.504,0.102,-4.628,0.061,0.474,0.045,-1.573,0.193,0.821,0.095,0.153,313,2.1,10.041,"nan","nan","nan","nan","nan","nan"
"NGC 2323        ",105.705,0.1,-8.359,0.118,1.033,0.052,-0.749,0.211,-0.625,0.147,0.222,903,0.967,9.045,"nan","nan","nan","nan","nan","nan"
"NGC 2324        ",106.043,0.024,1.05,0.037,0.217,0.025,-0.324,0.031,-0.11,0.036,0.083,322,4.606,12.397,"nan","nan","nan","nan","nan","nan"
"NGC 2335        ",106.694,0.061,-10.029,0.048,0.618,0.031,-0.779,0.07,-0.662,0.061,0.125,225,1.603,9.525,"nan","nan","nan","nan","nan","nan"
"NGC 2343        ",107.022,0.037,-10.624,0.049,0.936,0.03,0.262,0.136,-0.181,0.119,0.116,202,1.064,9.092,"nan","nan","nan","nan","nan","nan"
"NGC 2345        ",107.08,0.041,-13.203,0.055,0.375,0.039,-1.339,0.06,1.351,0.058,0.101,508,2.679,10.325,"nan","nan","nan","nan","nan","nan"
"NGC 2353        ",108.644,0.054,-10.25,0.064,0.849,0.049,-1.105,0.117,0.752,0.104,0.113,244,1.178,9.175,"nan","nan","nan","nan","nan","nan"
"NGC 2354        ",108.48,0.08,-25.721,0.039,0.784,0.031,-2.904,0.096,1.827,0.119,0.102,181,1.275,9.029,"nan","nan","nan","nan","nan","nan"
"NGC 2355        ",109.246,0.067,13.77,0.071,0.527,0.094,-3.801,0.136,-1.066,0.137,0.094,379,1.898,10.031,"nan","nan","nan","nan","nan","nan"
"NGC 2360        ",109.444,0.098,-15.637,0.078,0.931,0.054,0.363,0.115,5.591,0.106,0.155,594,1.073,9.03,"nan","nan","nan","nan","nan","nan"
"NGC 2362        ",109.673,0.026,-24.933,0.046,0.786,0.051,-2.783,0.1,2.916,0.083,0.136,303,1.268,9.029,"nan","nan","nan","nan","nan","nan"
"NGC 2374        ",111.007,0.084,-13.251,0.062,0.784,0.067,-4.626,0.118,0.658,0.072,0.175,98,1.266,9.189,"nan","nan","nan","nan","nan","nan"
"NGC 2383        ",111.178,0.017,-20.946,0.02,0.311,0.032,-1.622,0.043,1.905,0.054,0.038,269,3.209,10.464,"nan","nan","nan","nan","nan","nan"
"NGC 2384        ",111.316,0.102,-20.987,0.114,0.364,0.037,-2.292,0.043,3.131,0.058,0.153,183,2.781,10.141,"nan","nan","nan","nan","nan","nan"
"NGC 2414        ",113.293,0.03,-15.449,0.023,0.189,0.033,-1.422,0.068,1.422,0.057,0.067,265,5.204,12.238,"nan","nan","nan","nan","nan","nan"
"NGC 2420        ",114.603,0.036,21.576,0.033,0.391,0.056,-1.192,0.109,-2.118,0.083,0.08,634,2.57,10.625,"nan","nan","nan","nan","nan","nan"
"NGC 2421        ",114.05,0.046,-20.628,0.056,0.374,0.057,-3.134,0.06,3.096,0.092,0.087,441,2.712,10.062,"nan","nan","nan","nan","nan","nan"
"NGC 2422        ",114.156,0.168,-14.495,0.16,2.098,0.063,-7.042,0.195,1.003,0.156,0.279,518,0.475,8.606,"nan","nan","nan","nan","nan","nan"
"NGC 2437        ",115.446,0.118,-14.845,0.109,0.635,0.049,-3.832,0.106,0.365,0.11,0.22,1796,1.566,9.345,"nan","nan","nan","nan","nan","nan"
"NGC 2439        ",115.19,0.041,-31.694,0.036,0.265,0.032,-2.283,0.044,3.17,0.055,0.104,766,3.814,10.421,"nan","nan","nan","nan","nan","nan"
"NGC 2447        ",116.136,0.109,-23.853,0.093,1.0,0.05,-3.561,0.12,5.08,0.11,0.187,731,1.004,8.844,"nan","nan","nan","nan","nan","nan"
"NGC 2451B       ",116.134,0.398,-37.939,0.158,2.759,0.088,-9.609,0.227,4.824,0.225,0.32,105,0.362,8.417,"nan","nan","nan","nan","nan","nan"
"NGC 2453        ",116.899,0.012,-27.195,0.012,0.233,0.042,-2.355,0.073,3.42,0.054,0.035,163,4.27,10.908,"nan","nan","nan","nan","nan","nan"
"NGC 2467        ",118.18,0.022,-26.374,0.063,0.191,0.019,-2.554,0.08,2.578,0.079,0.088,318,5.169,11.592,"nan","nan","nan","nan","nan","nan"
"NGC 2477        ",118.042,0.149,-38.539,0.115,0.694,0.048,-2.457,0.119,0.874,0.133,0.184,2434,1.444,8.815,"nan","nan","nan","nan","nan","nan"
"NGC 2482        ",118.769,0.07,-24.262,0.097,0.751,0.041,-4.685,0.056,2.222,0.091,0.132,124,1.332,9.009,"nan","nan","nan","nan","nan","nan"
"NGC 2489        ",119.064,0.05,-30.062,0.028,0.493,0.038,-2.527,0.061,2.109,0.08,0.071,370,2.029,9.291,"nan","nan","nan","nan","nan","nan"
"NGC 2506        ",120.008,0.044,-10.773,0.04,0.317,0.064,-2.568,0.108,3.917,0.078,0.09,1427,3.169,10.56,"nan","nan","nan","nan","nan","nan"
"NGC 2516        ",119.509,0.212,-60.801,0.336,2.446,0.057,-4.707,0.352,11.17,0.328,0.478,1169,0.409,8.283,"nan","nan","nan","nan","nan","nan"
"NGC 2527        ",121.283,0.136,-28.139,0.169,1.571,0.047,-5.604,0.069,7.293,0.13,0.238,213,0.636,8.577,"nan","nan","nan","nan","nan","nan"
"NGC 2533        ",121.772,0.061,-29.869,0.023,0.352,0.033,-3.188,0.082,5.055,0.043,0.078,161,2.822,9.724,"nan","nan","nan","nan","nan","nan"
"NGC 2539        ",122.649,0.082,-12.827,0.091,0.784,0.063,-2.338,0.098,-0.572,0.078,0.202,558,1.272,9.093,"nan","nan","nan","nan","nan","nan"
"NGC 2546        ",123.122,0.205,-37.669,0.216,1.062,0.037,-3.754,0.102,3.902,0.098,0.326,370,0.941,8.593,"nan","nan","nan","nan","nan","nan"
"NGC 2547        ",122.538,0.119,-49.217,0.073,2.588,0.105,-8.559,0.268,4.314,0.214,0.2,205,0.387,8.346,"nan","nan","nan","nan","nan","nan"
"NGC 2548        ",123.384,0.194,-5.732,0.161,1.321,0.075,-1.294,0.137,0.999,0.086,0.349,436,0.756,8.805,"nan","nan","nan","nan","nan","nan"
"NGC 2567        ",124.639,0.069,-30.625,0.051,0.576,0.036,-2.993,0.063,2.586,0.081,0.104,268,1.732,9.044,"nan","nan","nan","nan","nan","nan"
"NGC 2571        ",124.725,0.067,-29.799,0.053,0.756,0.041,-4.936,0.088,4.25,0.096,0.099,126,1.316,8.853,"nan","nan","nan","nan","nan","nan"
"NGC 2627        ",129.31,0.049,-29.948,0.045,0.553,0.035,-2.378,0.079,2.875,0.077,0.088,376,1.796,9.023,"nan","nan","nan","nan","nan","nan"
"NGC 2632        ",130.056,0.551,19.623,0.531,5.385,0.098,-35.964,0.629,-12.918,0.61,1.011,702,0.186,8.441,"nan","nan","nan","nan","nan","nan"
"NGC 2658        ",130.87,0.04,-32.661,0.041,0.228,0.034,-2.48,0.032,2.267,0.047,0.079,495,4.391,10.355,"nan","nan","nan","nan","nan","nan"
"NGC 2660        ",130.669,0.027,-47.199,0.023,0.338,0.057,-2.762,0.093,5.164,0.107,0.04,509,2.921,8.991,"nan","nan","nan","nan","nan","nan"
"NGC 2669        ",131.606,0.087,-52.925,0.099,0.876,0.036,-4.15,0.078,4.653,0.12,0.11,228,1.143,8.361,"nan","nan","nan","nan","nan","nan"
"NGC 2670        ",131.386,0.069,-48.796,0.047,0.681,0.05,-5.379,0.095,3.599,0.093,0.075,161,1.469,8.492,"nan","nan","nan","nan","nan","nan"
"NGC 2682        ",132.843,0.155,11.818,0.132,1.162,0.067,-10.962,0.139,-2.955,0.132,0.256,1076,0.862,8.903,"nan","nan","nan","nan","nan","nan"
"NGC 2818        ",139.042,0.065,-36.617,0.042,0.313,0.046,-4.424,0.058,4.532,0.059,0.098,349,3.225,9.295,"nan","nan","nan","nan","nan","nan"
"NGC 2849        ",139.847,0.018,-40.52,0.013,0.172,0.053,-4.264,0.052,3.51,0.086,0.026,165,6.024,10.625,"nan","nan","nan","nan","nan","nan"
"NGC 2910        ",142.641,0.074,-52.904,0.042,0.779,0.048,-6.78,0.094,6.123,0.125,0.07,233,1.287,8.281,"nan","nan","nan","nan","nan","nan"
"NGC 2972        ",145.059,0.028,-50.325,0.044,0.512,0.032,-5.06,0.071,2.469,0.066,0.056,117,1.954,8.37,"nan","nan","nan","nan","nan","nan"
"NGC 3033        ",147.131,0.04,-56.411,0.047,0.561,0.044,-7.609,0.056,4.254,0.075,0.072,91,1.785,8.194,"nan","nan","nan","nan","nan","nan"
"NGC 3105        ",150.171,0.045,-54.788,0.022,0.116,0.019,-4.164,0.018,2.7,0.052,0.05,149,7.936,10.451,"nan","nan","nan","nan","nan","nan"
"NGC 3114        ",150.532,0.262,-60.038,0.135,0.983,0.055,-7.365,0.184,3.784,0.157,0.262,1019,1.018,8.128,"nan","nan","nan","nan","nan","nan"
"NGC 3228        ",155.283,0.145,-51.8,0.083,2.055,0.06,-14.902,0.102,-0.707,0.124,0.132,42,0.487,8.224,"nan","nan","nan","nan","nan","nan"
"NGC 3247        ",156.703,0.046,-57.929,0.046,0.319,0.111,-6.498,1.004,3.012,0.241,0.056,253,2.987,8.077,"nan","nan","nan","nan","nan","nan"
"NGC 3293        ",158.973,0.052,-58.233,0.031,0.413,0.028,-7.684,0.087,3.351,0.087,0.071,491,2.424,7.986,"nan","nan","nan","nan","nan","nan"
"NGC 3324        ",159.341,0.138,-58.632,0.062,0.398,0.023,-7.21,0.139,3.067,0.188,0.148,256,2.516,7.972,"nan","nan","nan","nan","nan","nan"
"NGC 3496        ",164.878,0.096,-60.334,0.055,0.423,0.029,-7.406,0.052,2.688,0.065,0.098,657,2.339,7.836,"nan","nan","nan","nan","nan","nan"
"NGC 3532        ",166.428,0.556,-58.705,0.221,2.094,0.091,-10.43,0.295,5.189,0.61,0.328,1298,0.476,8.153,"nan","nan","nan","nan","nan","nan"
"NGC 3572        ",167.646,0.052,-60.293,0.054,0.409,0.03,-6.204,0.07,1.921,0.075,0.08,638,2.456,7.777,"nan","nan","nan","nan","nan","nan"
"NGC 3590        ",168.244,0.106,-60.789,0.029,0.397,0.026,-6.082,0.064,1.052,0.126,0.116,438,2.508,7.755,"nan","nan","nan","nan","nan","nan"
"NGC 3603        ",168.798,0.037,-61.258,0.016,0.106,0.045,-5.52,0.107,1.959,0.074,0.04,316,9.515,10.06,"nan","nan","nan","nan","nan","nan"
"NGC 366         ",16.62,0.051,62.218,0.028,0.391,0.03,-2.067,0.051,-0.414,0.05,0.047,155,2.553,9.976,"nan","nan","nan","nan","nan","nan"
"NGC 3680        ",171.387,0.118,-43.228,0.063,0.954,0.029,-7.284,0.107,1.158,0.122,0.103,80,1.039,8.069,"nan","nan","nan","nan","nan","nan"
"NGC 3766        ",174.06,0.108,-61.621,0.074,0.49,0.036,-6.734,0.066,0.958,0.076,0.118,1018,2.041,7.695,"nan","nan","nan","nan","nan","nan"
"NGC 381         ",17.101,0.095,61.586,0.066,0.878,0.047,1.609,0.078,-2.261,0.117,0.089,171,1.136,8.999,"nan","nan","nan","nan","nan","nan"
"NGC 3960        ",177.656,0.08,-55.676,0.043,0.435,0.044,-6.505,0.082,1.846,0.069,0.082,467,2.294,7.646,"nan","nan","nan","nan","nan","nan"
"NGC 4103        ",181.639,0.146,-61.243,0.048,0.495,0.041,-6.209,0.061,0.144,0.086,0.109,501,2.028,7.578,"nan","nan","nan","nan","nan","nan"
"NGC 433         ",18.791,0.073,60.128,0.057,0.497,0.046,-1.441,0.067,-0.709,0.077,0.073,187,2.007,9.613,"nan","nan","nan","nan","nan","nan"
"NGC 4349        ",186.058,0.11,-61.862,0.052,0.529,0.045,-7.832,0.1,-0.304,0.088,0.111,851,1.876,7.548,"nan","nan","nan","nan","nan","nan"
"NGC 436         ",19.001,0.038,58.82,0.021,0.299,0.044,-0.986,0.042,-0.56,0.044,0.046,208,3.361,10.628,"nan","nan","nan","nan","nan","nan"
"NGC 4439        ",187.105,0.062,-60.109,0.058,0.512,0.04,-7.116,0.075,-0.461,0.046,0.082,72,1.977,7.508,"nan","nan","nan","nan","nan","nan"
"NGC 4463        ",187.469,0.059,-64.8,0.04,0.547,0.071,-5.308,0.054,-0.378,0.093,0.074,198,1.83,7.535,"nan","nan","nan","nan","nan","nan"
"NGC 457         ",19.897,0.093,58.274,0.037,0.345,0.035,-1.58,0.062,-0.654,0.077,0.083,607,2.856,10.257,"nan","nan","nan","nan","nan","nan"
"NGC 4609        ",190.563,0.101,-62.997,0.05,0.692,0.044,-4.868,0.086,-1.05,0.092,0.089,295,1.441,7.637,"nan","nan","nan","nan","nan","nan"
"NGC 4755        ",193.407,0.096,-60.372,0.049,0.492,0.028,-4.646,0.098,-1.137,0.099,0.08,666,2.0,7.397,"nan","nan","nan","nan","nan","nan"
"NGC 4815        ",194.504,0.06,-64.962,0.022,0.29,0.051,-5.774,0.084,-0.952,0.062,0.049,753,3.475,7.002,"nan","nan","nan","nan","nan","nan"
"NGC 5138        ",201.836,0.084,-59.022,0.038,0.542,0.046,-3.605,0.058,-1.456,0.049,0.063,143,1.84,7.326,"nan","nan","nan","nan","nan","nan"
"NGC 5168        ",202.796,0.044,-60.943,0.026,0.314,0.05,-4.127,0.051,-1.473,0.095,0.048,235,3.19,6.831,"nan","nan","nan","nan","nan","nan"
"NGC 5281        ",206.611,0.192,-62.913,0.061,0.647,0.048,-4.654,0.088,-2.384,0.074,0.136,381,1.544,7.423,"nan","nan","nan","nan","nan","nan"
"NGC 5316        ",208.498,0.141,-61.877,0.081,0.697,0.036,-6.3,0.065,-1.511,0.086,0.143,449,1.429,7.457,"nan","nan","nan","nan","nan","nan"
"NGC 5460        ",211.827,0.123,-48.282,0.14,1.371,0.065,-6.586,0.124,-3.465,0.149,0.227,159,0.728,7.806,"nan","nan","nan","nan","nan","nan"
"NGC 559         ",22.385,0.093,63.302,0.03,0.352,0.059,-4.264,0.081,0.261,0.103,0.073,567,2.867,10.29,"nan","nan","nan","nan","nan","nan"
"NGC 5606        ",216.938,0.081,-59.635,0.02,0.412,0.016,-4.869,0.047,-2.874,0.046,0.068,73,2.423,6.812,"nan","nan","nan","nan","nan","nan"
"NGC 5617        ",217.453,0.094,-60.714,0.043,0.432,0.045,-5.645,0.051,-3.157,0.091,0.094,704,2.3,6.88,"nan","nan","nan","nan","nan","nan"
"NGC 5662        ",218.833,0.191,-56.633,0.116,1.32,0.062,-6.404,0.132,-7.247,0.166,0.213,188,0.758,7.765,"nan","nan","nan","nan","nan","nan"
"NGC 5749        ",222.211,0.085,-54.503,0.095,0.922,0.044,-2.752,0.06,-3.081,0.122,0.122,103,1.09,7.507,"nan","nan","nan","nan","nan","nan"
"NGC 581         ",23.331,0.097,60.658,0.046,0.4,0.037,-1.389,0.049,-0.504,0.061,0.092,314,2.485,10.024,"nan","nan","nan","nan","nan","nan"
"NGC 5822        ",226.035,0.266,-54.365,0.19,1.217,0.041,-7.442,0.172,-5.547,0.148,0.313,691,0.821,7.675,"nan","nan","nan","nan","nan","nan"
"NGC 5823        ",226.362,0.092,-55.607,0.043,0.552,0.048,-3.682,0.12,-2.447,0.109,0.081,448,1.807,6.987,"nan","nan","nan","nan","nan","nan"
"NGC 5999        ",238.054,0.057,-56.481,0.0,0.36,0.037,-3.372,0.087,-4.226,0.075,0.056,445,2.797,6.183,"nan","nan","nan","nan","nan","nan"
"NGC 6005        ",238.953,0.032,-57.439,0.036,0.391,0.039,-4.021,0.057,-3.824,0.07,0.069,463,2.556,6.354,"nan","nan","nan","nan","nan","nan"
"NGC 6025        ",240.784,0.322,-60.424,0.134,1.301,0.043,-2.923,0.084,-3.034,0.106,0.224,283,0.768,7.691,"nan","nan","nan","nan","nan","nan"
"NGC 6031        ",241.903,0.072,-54.012,0.033,0.568,0.06,-2.146,0.09,-3.057,0.066,0.084,193,1.776,6.834,"nan","nan","nan","nan","nan","nan"
"NGC 6067        ",243.301,0.094,-54.232,0.065,0.486,0.039,-1.903,0.087,-2.582,0.087,0.113,880,2.104,6.57,"nan","nan","nan","nan","nan","nan"
"NGC 6087        ",244.746,0.169,-57.903,0.108,1.06,0.054,-1.526,0.113,-2.421,0.098,0.205,293,0.942,7.524,"nan","nan","nan","nan","nan","nan"
"NGC 6124        ",246.309,0.179,-40.658,0.153,1.589,0.068,-0.23,0.225,-2.118,0.218,0.275,960,0.628,7.713,"nan","nan","nan","nan","nan","nan"
"NGC 6134        ",246.939,0.132,-49.164,0.105,0.876,0.076,2.185,0.158,-4.441,0.121,0.128,673,1.139,7.284,"nan","nan","nan","nan","nan","nan"
"NGC 6167        ",248.681,0.154,-49.761,0.09,0.683,0.062,-0.69,0.184,-2.786,0.15,0.167,2076,1.465,6.997,"nan","nan","nan","nan","nan","nan"
"NGC 6178        ",248.927,0.073,-45.621,0.046,1.15,0.079,0.488,0.109,-3.327,0.102,0.113,73,0.871,7.497,"nan","nan","nan","nan","nan","nan"
"NGC 6192        ",250.077,0.064,-43.355,0.029,0.599,0.058,1.653,0.153,-0.196,0.097,0.083,583,1.659,6.758,"nan","nan","nan","nan","nan","nan"
"NGC 6193        ",250.337,0.074,-48.772,0.042,0.832,0.083,1.336,0.217,-4.023,0.175,0.141,499,1.2,7.214,"nan","nan","nan","nan","nan","nan"
"NGC 6200        ",251.025,0.123,-47.491,0.113,0.351,0.021,-0.871,0.057,-2.236,0.065,0.226,219,2.825,5.779,"nan","nan","nan","nan","nan","nan"
"NGC 6204        ",251.538,0.071,-47.028,0.024,0.837,0.051,-0.717,0.127,-0.571,0.087,0.074,281,1.192,7.204,"nan","nan","nan","nan","nan","nan"
"NGC 6231        ",253.544,0.088,-41.803,0.127,0.621,0.032,-0.578,0.132,-2.096,0.127,0.22,980,1.644,6.74,"nan","nan","nan","nan","nan","nan"
"NGC 6242        ",253.883,0.064,-39.464,0.083,0.785,0.062,1.144,0.166,-0.84,0.097,0.112,580,1.266,7.082,"nan","nan","nan","nan","nan","nan"
"NGC 6249        ",254.441,0.024,-44.811,0.031,0.818,0.02,1.725,0.089,-3.417,0.059,0.064,100,1.221,7.153,"nan","nan","nan","nan","nan","nan"
"NGC 6250        ",254.505,0.102,-45.957,0.04,1.021,0.049,0.432,0.078,-2.374,0.128,0.13,127,0.977,7.385,"nan","nan","nan","nan","nan","nan"
"NGC 6253        ",254.779,0.076,-52.709,0.049,0.597,0.049,-4.507,0.105,-5.287,0.074,0.088,788,1.669,6.826,"nan","nan","nan","nan","nan","nan"
"NGC 6259        ",255.205,0.097,-44.687,0.065,0.44,0.062,-1.009,0.094,-2.893,0.09,0.123,1435,2.264,6.188,"nan","nan","nan","nan","nan","nan"
"NGC 6268        ",255.52,0.051,-39.714,0.038,0.659,0.072,0.935,0.098,-0.778,0.104,0.097,240,1.517,6.838,"nan","nan","nan","nan","nan","nan"
"NGC 6281        ",256.191,0.163,-37.955,0.154,1.91,0.076,-1.833,0.281,-4.039,0.186,0.193,371,0.523,7.79,"nan","nan","nan","nan","nan","nan"
"NGC 6322        ",259.603,0.06,-42.932,0.032,0.787,0.008,0.162,0.053,-2.228,0.042,0.066,53,1.28,7.072,"nan","nan","nan","nan","nan","nan"
"NGC 637         ",25.775,0.024,64.039,0.017,0.367,0.021,-1.222,0.053,0.055,0.047,0.049,118,2.708,10.209,"nan","nan","nan","nan","nan","nan"
"NGC 6383        ",263.667,0.048,-32.574,0.021,0.925,0.086,2.625,0.221,-1.657,0.151,0.098,284,1.074,7.229,"nan","nan","nan","nan","nan","nan"
"NGC 6396        ",264.408,0.005,-35.014,0.015,0.383,0.019,-0.449,0.056,-2.06,0.041,0.036,70,2.571,5.751,"nan","nan","nan","nan","nan","nan"
"NGC 6404        ",264.914,0.062,-33.224,0.039,0.388,0.065,0.173,0.118,-0.697,0.077,0.081,606,2.582,5.729,"nan","nan","nan","nan","nan","nan"
"NGC 6405        ",265.12,0.173,-32.238,0.127,2.196,0.078,-1.328,0.234,-5.815,0.183,0.258,451,0.455,7.845,"nan","nan","nan","nan","nan","nan"
"NGC 6416        ",265.995,0.13,-32.351,0.101,0.954,0.05,-1.951,0.14,-2.306,0.092,0.184,274,1.048,7.254,"nan","nan","nan","nan","nan","nan"
"NGC 6425        ",266.719,0.054,-31.514,0.063,1.024,0.068,3.814,0.222,-1.644,0.189,0.108,152,0.978,7.323,"nan","nan","nan","nan","nan","nan"
"NGC 6451        ",267.683,0.062,-30.206,0.064,0.323,0.038,-0.095,0.069,-1.352,0.057,0.123,590,3.119,5.182,"nan","nan","nan","nan","nan","nan"
"NGC 6475        ",268.466,0.521,-34.782,0.341,3.599,0.107,3.097,0.462,-5.316,0.335,0.546,867,0.278,8.024,"nan","nan","nan","nan","nan","nan"
"NGC 6494        ",269.244,0.163,-18.996,0.196,1.387,0.067,0.281,0.174,-1.803,0.222,0.307,1043,0.717,7.595,"nan","nan","nan","nan","nan","nan"
"NGC 6514        ",270.656,0.085,-22.889,0.091,0.852,0.057,0.325,0.175,-1.699,0.092,0.257,265,1.175,7.136,"nan","nan","nan","nan","nan","nan"
"NGC 6520        ",270.856,0.046,-27.88,0.027,0.588,0.089,0.695,0.097,-0.525,0.105,0.067,372,1.68,6.625,"nan","nan","nan","nan","nan","nan"
"NGC 6530        ",271.091,0.061,-24.372,0.03,0.788,0.086,1.321,0.31,-2.038,0.208,0.122,852,1.266,7.042,"nan","nan","nan","nan","nan","nan"
"NGC 6531        ",271.05,0.053,-22.495,0.034,0.841,0.056,0.472,0.153,-1.397,0.124,0.105,336,1.189,7.124,"nan","nan","nan","nan","nan","nan"
"NGC 654         ",26.011,0.055,61.886,0.028,0.344,0.045,-1.093,0.065,-0.266,0.073,0.064,507,2.892,10.369,"nan","nan","nan","nan","nan","nan"
"NGC 6583        ",273.961,0.033,-22.142,0.026,0.446,0.041,1.294,0.094,0.098,0.073,0.054,276,2.238,6.105,"nan","nan","nan","nan","nan","nan"
"NGC 659         ",26.104,0.046,60.679,0.04,0.318,0.038,-0.802,0.03,-0.261,0.047,0.067,203,3.126,10.563,"nan","nan","nan","nan","nan","nan"
"NGC 6603        ",274.617,0.023,-18.41,0.024,0.347,0.045,0.108,0.063,-2.036,0.077,0.059,791,2.889,5.522,"nan","nan","nan","nan","nan","nan"
"NGC 6604        ",274.476,0.13,-12.124,0.117,0.494,0.073,-0.4,0.134,-2.181,0.133,0.215,927,2.023,6.412,"nan","nan","nan","nan","nan","nan"
"NGC 6611        ",274.688,0.038,-13.792,0.019,0.575,0.085,0.203,0.167,-1.549,0.186,0.17,533,1.756,6.64,"nan","nan","nan","nan","nan","nan"
"NGC 6613        ",274.992,0.038,-17.107,0.045,0.669,0.036,-0.509,0.082,-0.851,0.109,0.141,189,1.498,6.857,"nan","nan","nan","nan","nan","nan"
"NGC 663         ",26.595,0.141,61.206,0.065,0.353,0.04,-1.121,0.059,-0.217,0.08,0.141,1103,2.788,10.3,"nan","nan","nan","nan","nan","nan"
"NGC 6631        ",276.81,0.097,-12.009,0.096,0.345,0.025,-0.678,0.154,-2.524,0.259,0.163,1378,2.942,5.613,"nan","nan","nan","nan","nan","nan"
"NGC 6633        ",276.861,0.248,6.611,0.184,2.551,0.092,1.202,0.341,-1.808,0.266,0.317,201,0.392,7.99,"nan","nan","nan","nan","nan","nan"
"NGC 6649        ",278.361,0.036,-10.399,0.042,0.506,0.065,-0.009,0.143,-0.039,0.123,0.081,845,1.977,6.504,"nan","nan","nan","nan","nan","nan"
"NGC 6664        ",279.131,0.043,-8.199,0.049,0.509,0.038,-0.091,0.07,-2.552,0.055,0.102,321,1.953,6.563,"nan","nan","nan","nan","nan","nan"
"NGC 6694        ",281.32,0.033,-9.388,0.034,0.552,0.042,0.153,0.059,-1.416,0.038,0.077,355,1.798,6.698,"nan","nan","nan","nan","nan","nan"
"NGC 6704        ",282.688,0.019,-5.206,0.01,0.462,0.049,-0.725,0.067,-3.146,0.042,0.056,201,2.138,6.497,"nan","nan","nan","nan","nan","nan"
"NGC 6705        ",282.763,0.034,-6.277,0.037,0.469,0.034,-1.581,0.114,-4.134,0.111,0.104,1044,2.187,6.437,"nan","nan","nan","nan","nan","nan"
"NGC 6709        ",282.825,0.074,10.323,0.07,0.949,0.064,1.433,0.138,-3.514,0.091,0.14,284,1.057,7.552,"nan","nan","nan","nan","nan","nan"
"NGC 6716        ",283.595,0.062,-19.892,0.097,1.433,0.087,-1.462,0.182,-6.04,0.196,0.138,167,0.697,7.64,"nan","nan","nan","nan","nan","nan"
"NGC 6755        ",286.943,0.019,4.236,0.04,0.417,0.031,-0.73,0.069,-3.547,0.055,0.089,315,2.414,6.588,"nan","nan","nan","nan","nan","nan"
"NGC 6791        ",290.219,0.038,37.778,0.027,0.216,0.061,-0.422,0.11,-2.267,0.134,0.063,1640,4.508,7.954,"nan","nan","nan","nan","nan","nan"
"NGC 6811        ",294.337,0.1,46.385,0.076,0.901,0.034,-3.386,0.102,-8.806,0.083,0.122,212,1.106,8.166,"nan","nan","nan","nan","nan","nan"
"NGC 6819        ",295.324,0.057,40.192,0.049,0.384,0.036,-2.916,0.077,-3.858,0.092,0.086,1464,2.613,7.982,"nan","nan","nan","nan","nan","nan"
"NGC 6823        ",295.788,0.058,23.32,0.061,0.477,0.075,-1.718,0.13,-5.317,0.115,0.119,282,2.097,7.455,"nan","nan","nan","nan","nan","nan"
"NGC 6830        ",297.717,0.054,23.098,0.046,0.456,0.026,-3.204,0.059,-5.758,0.074,0.092,289,2.187,7.456,"nan","nan","nan","nan","nan","nan"
"NGC 6834        ",298.05,0.027,29.398,0.021,0.304,0.026,-2.484,0.052,-5.091,0.051,0.062,382,3.299,7.565,"nan","nan","nan","nan","nan","nan"
"NGC 6866        ",300.986,0.065,44.164,0.061,0.716,0.045,-1.379,0.058,-5.737,0.102,0.102,194,1.397,8.163,"nan","nan","nan","nan","nan","nan"
"NGC 6871        ",301.518,0.097,35.769,0.117,0.544,0.029,-3.121,0.087,-6.426,0.126,0.21,525,1.824,7.949,"nan","nan","nan","nan","nan","nan"
"NGC 6910        ",305.799,0.044,40.771,0.034,0.581,0.025,-3.387,0.094,-5.389,0.073,0.084,148,1.733,8.139,"nan","nan","nan","nan","nan","nan"
"NGC 6913        ",305.949,0.038,38.505,0.032,0.583,0.035,-3.406,0.132,-5.758,0.107,0.081,107,1.71,8.085,"nan","nan","nan","nan","nan","nan"
"NGC 6939        ",307.914,0.139,60.655,0.07,0.54,0.047,-1.845,0.109,-5.42,0.097,0.12,770,1.861,8.676,"nan","nan","nan","nan","nan","nan"
"NGC 6940        ",308.619,0.168,28.269,0.114,0.977,0.047,-1.977,0.113,-9.415,0.106,0.203,464,1.028,8.007,"nan","nan","nan","nan","nan","nan"
"NGC 7044        ",318.285,0.034,42.493,0.021,0.3,0.051,-4.976,0.09,-5.52,0.103,0.051,707,3.387,8.735,"nan","nan","nan","nan","nan","nan"
"NGC 7063        ",321.138,0.058,36.511,0.086,1.507,0.031,1.525,0.071,-2.461,0.087,0.124,80,0.662,8.247,"nan","nan","nan","nan","nan","nan"
"NGC 7067        ",321.051,0.04,48.012,0.008,0.186,0.002,-3.091,0.026,-3.27,0.018,0.05,77,5.454,10.026,"nan","nan","nan","nan","nan","nan"
"NGC 7082        ",322.175,0.133,47.106,0.076,0.765,0.047,-0.29,0.088,-1.108,0.074,0.155,321,1.309,8.427,"nan","nan","nan","nan","nan","nan"
"NGC 7086        ",322.626,0.085,51.599,0.047,0.621,0.061,-1.655,0.138,-1.623,0.109,0.091,563,1.604,8.574,"nan","nan","nan","nan","nan","nan"
"NGC 7092        ",323.07,0.398,48.305,0.388,3.385,0.075,-7.581,0.137,-19.72,0.255,0.614,108,0.295,8.317,"nan","nan","nan","nan","nan","nan"
"NGC 7128        ",325.99,0.018,53.717,0.013,0.285,0.035,-4.028,0.106,-4.1,0.075,0.031,198,3.477,9.399,"nan","nan","nan","nan","nan","nan"
"NGC 7142        ",326.281,0.099,65.784,0.036,0.423,0.032,-2.736,0.066,-1.276,0.081,0.079,395,2.348,9.187,"nan","nan","nan","nan","nan","nan"
"NGC 7160        ",328.443,0.127,62.567,0.056,1.084,0.057,-3.488,0.203,-1.283,0.134,0.119,99,0.927,8.569,"nan","nan","nan","nan","nan","nan"
"NGC 7209        ",331.281,0.149,46.508,0.064,0.847,0.043,2.293,0.054,0.313,0.078,0.171,195,1.179,8.493,"nan","nan","nan","nan","nan","nan"
"NGC 7235        ",333.067,0.052,57.266,0.024,0.287,0.045,-3.811,0.068,-3.038,0.065,0.058,206,3.518,9.7,"nan","nan","nan","nan","nan","nan"
"NGC 7243        ",333.749,0.343,49.807,0.14,1.148,0.075,0.448,0.137,-2.845,0.095,0.246,346,0.873,8.477,"nan","nan","nan","nan","nan","nan"
"NGC 7261        ",335.071,0.083,58.126,0.026,0.305,0.028,-3.877,0.102,-2.851,0.053,0.14,192,3.267,9.63,"nan","nan","nan","nan","nan","nan"
"NGC 7380        ",341.842,0.216,58.087,0.135,0.355,0.039,-2.79,0.332,-2.226,0.168,0.264,910,2.82,9.519,"nan","nan","nan","nan","nan","nan"
"NGC 7419        ",343.578,0.035,60.814,0.014,0.311,0.044,-2.787,0.098,-1.624,0.112,0.038,343,3.185,9.816,"nan","nan","nan","nan","nan","nan"
"NGC 744         ",29.663,0.049,55.471,0.086,0.761,0.03,-1.876,0.089,-1.737,0.074,0.116,181,1.312,9.231,"nan","nan","nan","nan","nan","nan"
"NGC 7510        ",347.763,0.045,60.58,0.021,0.316,0.045,-3.67,0.09,-2.174,0.099,0.054,377,3.152,9.874,"nan","nan","nan","nan","nan","nan"
"NGC 752         ",29.231,0.379,37.788,0.211,2.261,0.095,9.86,0.172,-11.726,0.216,0.436,260,0.441,8.601,"nan","nan","nan","nan","nan","nan"
"NGC 7654        ",351.208,0.121,61.591,0.069,0.625,0.034,-1.933,0.105,-1.128,0.102,0.115,962,1.583,9.033,"nan","nan","nan","nan","nan","nan"
"NGC 7788        ",359.199,0.055,61.389,0.026,0.331,0.026,-3.087,0.063,-1.759,0.052,0.078,211,3.054,10.039,"nan","nan","nan","nan","nan","nan"
"NGC 7789        ",359.341,0.16,56.727,0.092,0.483,0.046,-0.925,0.107,-1.933,0.103,5.594,2978,2.06,9.213,"nan","nan","nan","nan","nan","nan"
"NGC 7790        ",359.588,0.101,61.214,0.035,0.306,0.055,-3.228,0.098,-1.695,0.069,0.607,409,3.287,10.179,"nan","nan","nan","nan","nan","nan"
"NGC 869         ",35.09,0.411,57.142,0.08,0.424,0.035,-0.652,0.107,-1.079,0.101,0.308,6642,2.394,10.126,"nan","nan","nan","nan","nan","nan"
"NGC 884         ",35.252,0.435,57.145,0.078,0.428,0.04,-0.636,0.113,-1.078,0.102,0.309,6668,2.28,10.037,"nan","nan","nan","nan","nan","nan"
"NGC 957         ",38.332,0.193,57.554,0.105,0.434,0.04,-0.248,0.069,-1.054,0.084,0.232,674,2.281,10.071,"nan","nan","nan","nan","nan","nan"
"Pismis 1        ",124.58,0.032,-37.105,0.011,0.176,0.038,-2.597,0.059,3.974,0.045,0.028,76,5.733,11.234,"nan","nan","nan","nan","nan","nan"
"Pismis 11       ",138.969,0.02,-50.006,0.003,0.379,0.036,-5.372,0.068,3.902,0.071,0.026,63,2.666,8.644,"nan","nan","nan","nan","nan","nan"
"Pismis 13       ",140.53,0.016,-51.103,0.006,0.346,0.058,-5.132,0.038,4.655,0.064,0.013,67,2.888,8.638,"nan","nan","nan","nan","nan","nan"
"Pismis 16       ",147.812,0.025,-53.176,0.01,0.403,0.017,-5.814,0.067,3.515,0.069,0.046,40,2.489,8.334,"nan","nan","nan","nan","nan","nan"
"Pismis 18       ",204.227,0.032,-62.091,0.032,0.356,0.04,-5.66,0.067,-2.272,0.073,0.059,343,2.776,6.934,"nan","nan","nan","nan","nan","nan"
"Pismis 2        ",124.478,0.011,-41.675,0.011,0.223,0.053,-4.783,0.086,5.351,0.088,0.028,195,4.587,10.225,"nan","nan","nan","nan","nan","nan"
"Pismis 20       ",228.845,0.031,-59.069,0.017,0.331,0.037,-3.862,0.052,-2.906,0.051,0.056,139,3.1,6.228,"nan","nan","nan","nan","nan","nan"
"Pismis 24       ",261.391,0.011,-34.402,0.026,0.572,0.117,-0.978,0.213,-2.502,0.355,0.085,122,1.747,6.569,"nan","nan","nan","nan","nan","nan"
"Pismis 3        ",127.837,0.082,-38.643,0.058,0.432,0.053,-4.805,0.104,6.643,0.129,0.111,1105,2.339,9.085,"nan","nan","nan","nan","nan","nan"
"Pismis 4        ",128.723,0.112,-44.411,0.117,1.449,0.033,-8.215,0.149,5.35,0.155,0.172,64,0.691,8.413,"nan","nan","nan","nan","nan","nan"
"Pismis 6        ",129.826,0.085,-46.258,0.037,0.553,0.029,-5.898,0.085,5.076,0.112,0.111,345,1.796,8.649,"nan","nan","nan","nan","nan","nan"
"Pismis 7        ",130.291,0.019,-38.695,0.012,0.18,0.031,-3.319,0.031,2.783,0.037,0.046,139,5.466,10.767,"nan","nan","nan","nan","nan","nan"
"Pismis 8        ",130.398,0.021,-46.275,0.032,0.554,0.044,-5.743,0.08,4.973,0.079,0.062,97,1.801,8.642,"nan","nan","nan","nan","nan","nan"
"Roslund 3       ",299.697,0.042,20.507,0.037,0.613,0.02,-0.387,0.08,-5.122,0.054,0.076,110,1.626,7.59,"nan","nan","nan","nan","nan","nan"
"Roslund 4       ",301.212,0.054,29.188,0.045,0.46,0.028,-2.168,0.082,-5.089,0.137,0.089,67,2.166,7.714,"nan","nan","nan","nan","nan","nan"
"Ruprecht 115    ",243.214,0.019,-52.392,0.017,0.382,0.014,-4.371,0.06,-4.569,0.04,0.052,114,2.586,6.168,"nan","nan","nan","nan","nan","nan"
"Ruprecht 119    ",247.037,0.046,-51.497,0.034,0.469,0.029,-1.298,0.055,-3.426,0.055,0.083,108,2.129,6.47,"nan","nan","nan","nan","nan","nan"
"Ruprecht 127    ",264.467,0.038,-36.302,0.036,0.43,0.047,-0.285,0.047,-2.278,0.051,0.061,131,2.319,6.008,"nan","nan","nan","nan","nan","nan"
"Ruprecht 130    ",266.901,0.01,-30.103,0.029,0.417,0.074,0.503,0.129,-1.812,0.07,0.054,106,2.476,5.824,"nan","nan","nan","nan","nan","nan"
"Ruprecht 36     ",117.099,0.041,-26.29,0.018,0.372,0.054,-2.725,0.093,0.902,0.092,0.043,85,2.765,9.883,"nan","nan","nan","nan","nan","nan"
"Ruprecht 44     ",119.709,0.035,-28.563,0.039,0.183,0.037,-2.366,0.046,2.918,0.058,0.133,336,5.529,11.711,"nan","nan","nan","nan","nan","nan"
"Ruprecht 55     ",123.072,0.041,-32.576,0.076,0.144,0.021,-2.429,0.061,3.165,0.056,0.115,109,6.821,12.363,"nan","nan","nan","nan","nan","nan"
"Ruprecht 67     ",130.463,0.103,-43.364,0.038,0.652,0.029,-4.373,0.066,3.685,0.07,0.086,80,1.534,8.627,"nan","nan","nan","nan","nan","nan"
"Ruprecht 75     ",140.486,0.049,-56.319,0.015,0.234,0.041,-6.097,0.07,4.993,0.054,0.049,148,4.264,8.867,"nan","nan","nan","nan","nan","nan"
"Ruprecht 79     ",145.266,0.045,-53.836,0.043,0.256,0.015,-4.626,0.038,3.001,0.047,0.069,257,3.935,8.735,"nan","nan","nan","nan","nan","nan"
"Ruprecht 98     ",179.681,0.099,-64.609,0.042,2.068,0.036,-4.209,0.131,-8.724,0.136,0.191,40,0.482,8.09,"nan","nan","nan","nan","nan","nan"
"Stock 1         ",294.11,0.327,25.059,0.112,2.473,0.05,6.069,0.183,0.235,0.147,0.451,110,0.404,8.107,"nan","nan","nan","nan","nan","nan"
"Stock 13        ",168.282,0.141,-58.889,0.06,0.353,0.024,-6.022,0.065,1.828,0.064,0.133,165,2.861,7.774,"nan","nan","nan","nan","nan","nan"
"Stock 14        ",175.924,0.179,-62.543,0.058,0.417,0.043,-6.414,0.053,0.711,0.044,0.145,230,2.229,7.622,"nan","nan","nan","nan","nan","nan"
"Stock 16        ",199.682,0.047,-62.583,0.104,0.501,0.034,-4.178,0.07,-1.796,0.041,0.153,141,1.994,7.306,"nan","nan","nan","nan","nan","nan"
"Stock 2         ",33.813,0.709,59.542,0.379,2.665,0.058,15.886,0.326,-13.599,0.406,0.767,1060,0.375,8.561,"nan","nan","nan","nan","nan","nan"
"Stock 24        ",9.944,0.086,61.967,0.01,0.358,0.01,-1.393,0.042,0.083,0.051,0.044,99,2.806,10.057,"nan","nan","nan","nan","nan","nan"
"Stock 7         ",37.445,0.0,60.67,0.0,1.477,0.379,-3.523,0.088,0.585,0.031,0.126,64,0.677,8.789,"nan","nan","nan","nan","nan","nan"
"Stock 8         ",81.959,0.096,34.46,0.16,0.48,0.049,0.106,0.111,-2.272,0.143,0.2,648,2.064,10.353,"nan","nan","nan","nan","nan","nan"
"Tombaugh 1      ",105.122,0.05,-20.578,0.068,0.403,0.053,-2.569,0.107,3.831,0.109,0.09,402,2.479,9.994,"nan","nan","nan","nan","nan","nan"
"Tombaugh 2      ",105.773,0.019,-20.82,0.012,0.107,0.034,-0.508,0.044,1.366,0.068,0.032,242,9.811,16.173,"nan","nan","nan","nan","nan","nan"
"Trumpler 1      ",23.913,0.05,61.287,0.022,0.388,0.049,-1.612,0.034,-0.525,0.045,0.043,144,2.582,10.103,"nan","nan","nan","nan","nan","nan"
"Trumpler 10     ",131.986,0.197,-42.547,0.136,2.294,0.081,-12.375,0.288,6.492,0.226,0.352,200,0.437,8.366,"nan","nan","nan","nan","nan","nan"
"Trumpler 11     ",151.245,0.05,-61.621,0.016,0.276,0.024,-7.054,0.037,3.345,0.024,0.062,101,3.557,8.171,"nan","nan","nan","nan","nan","nan"
"Trumpler 14     ",161.026,0.037,-59.548,0.015,0.418,0.06,-6.488,0.139,2.022,0.107,0.071,1382,2.408,7.919,"nan","nan","nan","nan","nan","nan"
"Trumpler 15     ",161.093,0.08,-59.533,0.02,0.419,0.042,-6.413,0.15,2.039,0.106,0.101,1423,2.385,7.92,"nan","nan","nan","nan","nan","nan"
"Trumpler 16     ",161.236,0.087,-59.708,0.033,0.416,0.063,-6.88,0.172,2.556,0.157,0.078,686,2.395,7.912,"nan","nan","nan","nan","nan","nan"
"Trumpler 17     ",164.109,0.059,-59.234,0.026,0.404,0.035,-4.638,0.084,2.204,0.046,0.065,276,2.472,7.865,"nan","nan","nan","nan","nan","nan"
"Trumpler 18     ",167.827,0.083,-60.655,0.049,0.663,0.034,-7.161,0.085,0.567,0.089,0.084,165,1.501,7.888,"nan","nan","nan","nan","nan","nan"
"Trumpler 2      ",39.255,0.224,55.934,0.12,1.456,0.087,1.56,0.223,-5.302,0.114,0.257,211,0.687,8.817,"nan","nan","nan","nan","nan","nan"
"Trumpler 21     ",203.073,0.115,-62.788,0.038,0.756,0.043,-4.671,0.068,-2.313,0.062,0.07,142,1.328,7.564,"nan","nan","nan","nan","nan","nan"
"Trumpler 24     ",253.986,0.134,-40.474,0.348,0.835,0.014,0.372,0.26,-1.8,0.293,0.541,169,1.202,7.147,"nan","nan","nan","nan","nan","nan"
"Trumpler 27     ",264.079,0.069,-33.485,0.021,0.488,0.01,-0.146,0.055,-1.267,0.038,0.189,62,2.033,6.277,"nan","nan","nan","nan","nan","nan"
"Trumpler 28     ",264.231,0.034,-32.466,0.038,0.736,0.037,-0.771,0.048,-2.815,0.07,0.084,101,1.358,6.946,"nan","nan","nan","nan","nan","nan"
"Trumpler 37     ",324.77,0.174,57.504,0.06,1.105,0.053,-2.318,0.191,-4.724,0.175,0.311,553,0.904,8.493,"nan","nan","nan","nan","nan","nan"
"Trumpler 5      ",99.129,0.068,9.472,0.069,0.312,0.069,-0.606,0.116,0.29,0.111,0.147,2524,3.22,11.337,"nan","nan","nan","nan","nan","nan"
"Trumpler 7      ",111.845,0.059,-23.947,0.035,0.596,0.037,-2.485,0.084,3.342,0.076,0.094,169,1.696,9.304,"nan","nan","nan","nan","nan","nan"
"Trumpler 9      ",118.908,0.023,-25.884,0.013,0.365,0.045,-3.388,0.079,3.092,0.073,0.037,140,2.72,9.834,"nan","nan","nan","nan","nan","nan"
"VDBH 66",141.319,0.011,-54.717,0.003,0.127,0.018,-4.178,0.049,3.608,0.002,0.046,89,7.841,10.8,"nan","nan","nan","nan","nan","nan"
"VDBH 99",159.494,0.268,-59.107,0.101,2.254,0.08,-14.491,0.246,1.008,0.196,0.238,214,0.444,8.185,"nan","nan","nan","nan","nan","nan"
"XDOCC-1        ",19.898,0.41,58.353,0.049,1.26,0.064,-1.683,0.109,-0.343,0.062,0.17,22,0.797,8.801,"8.527","0.079","813.436","23.838","0.695",0.088
"XDOCC-2        ",84.049,0.154,34.298,0.068,0.801,0.052,0.285,0.109,-2.295,0.073,0.142,26,1.261,9.567,"7.54","0.092","1330.616","53.24","0.571",0.053
"XDOCC-3        ",107.01,0.181,-13.05,0.156,0.876,0.044,-3.319,0.363,0.546,0.126,0.205,25,1.14,8.945,"7.28","0.093","1175.83","56.035","0.712",0.073
"XDOCC-4        ",118.827,0.192,-24.17,0.19,0.333,0.043,-2.71,0.079,3.063,0.086,0.214,60,3.023,10.065,"7.785","0.12","2891.227","107.557","0.525",0.118
"XDOCC-5        ",121.754,0.095,-29.901,0.092,0.598,0.018,-3.656,0.045,3.562,0.034,0.115,19,1.637,9.056,"8.182","0.116","1575.753","59.732","0.244",0.055
"XDOCC-6        ",130.932,0.066,-48.151,0.018,0.768,0.035,-6.375,0.115,3.607,0.095,0.057,33,1.299,8.474,"7.928","0.182","1399.138","63.959","1.017",0.116
"XDOCC-7        ",159.481,0.23,-58.723,0.102,2.281,0.038,-14.316,0.229,0.925,0.229,0.151,21,0.436,8.01,"7.859","0.076","460.094","10.037","0.579",0.049
"XDOCC-8        ",270.759,0.103,-22.727,0.108,0.735,0.047,0.67,0.112,-2.575,0.084,0.122,51,1.349,6.787,"7.519","0.192","1511.888","137.946","2.499",0.23
"XDOCC-9        ",293.596,0.15,24.998,0.409,1.828,0.043,-0.458,0.096,-8.74,0.374,0.66,47,0.55,8.04,"7.997","0.091","552.704","15.625","0.659",0.078
"XDOCC-10        ",305.421,0.18,37.292,0.129,0.508,0.055,-2.387,0.11,-5.234,0.116,0.157,40,1.919,7.869,"7.364","0.328","1994.895","144.716","3.973",0.175
"XDOCC-11        ",317.734,0.039,47.722,0.068,0.474,0.039,-1.006,0.053,-1.736,0.052,0.103,21,2.064,8.538,"8.135","0.11","1761.905","89.269","1.372",0.099
